A,a,t,r,o,x,",",h,t,t,p,s,:,/,/,i,b,b,.,c,o,/,t,q,c,C,m,K,Z
A,h,r,i,",",h,t,t,p,s,:,/,/,i,b,b,.,c,o,/,p,h,q,q,X,M,Z
A,k,a,l,i,",",h,t,t,p,s,:,/,/,i,b,b,.,c,o,/,J,x,h,X,F,G,c
A,l,i,s,t,a,r,",",h,t,t,p,s,:,/,/,i,b,b,.,c,o,/,y,y,H,s,v,5,6
A,m,u,m,u,",",h,t,t,p,s,:,/,/,i,b,b,.,c,o,/,V,N,1,R,7,h,X
A,n,i,v,i,a,",",h,t,t,p,s,:,/,/,i,b,b,.,c,o,/,D,R,7,Q,p,6,f
A,n,n,i,e,",",h,t,t,p,s,:,/,/,i,b,b,.,c,o,/,s,y,s,J,L,V,1
A,p,h,e,l,i,o,s,",",h,t,t,p,s,:,/,/,i,b,b,.,c,o,/,H,G,3,t,r,9,s
A,s,h,e,",",h,t,t,p,s,:,/,/,i,b,b,.,c,o,/,n,s,b,w,y,J,t
A,u,r,e,l,i,o,n,S,o,l,",",h,t,t,p,s,:,/,/,i,b,b,.,c,o,/,9,q,Z,q,8,P,0
A,z,i,r,",",h,t,t,p,s,:,/,/,i,b,b,.,c,o,/,2,6,V,j,1,b,Q
B,a,r,d,",",h,t,t,p,s,:,/,/,i,b,b,.,c,o,/,k,y,6,C,S,S,H
B,l,i,t,z,c,r,a,n,k,",",h,t,t,p,s,:,/,/,i,b,b,.,c,o,/,1,d,C,x,Z,R,Q
B,r,a,n,d,",",h,t,t,p,s,:,/,/,i,b,b,.,c,o,/,3,y,6,d,m,B,H
B,r,a,u,m,",",h,t,t,p,s,:,/,/,i,b,b,.,c,o,/,g,9,B,j,s,3,g
C,a,i,t,l,y,n,",",h,t,t,p,s,:,/,/,i,b,b,.,c,o,/,5,5,8,t,n,M,h
C,a,m,i,l,l,e,",",h,t,t,p,s,:,/,/,i,b,b,.,c,o,/,b,R,R,0,h,s,9
C,a,s,s,i,o,p,e,i,a,",",h,t,t,p,s,:,/,/,i,b,b,.,c,o,/,C,P,X,f,m,z,x
C,h,o,-,G,a,t,h,",",h,t,t,p,s,:,/,/,i,b,b,.,c,o,/,G,P,c,R,s,5,K
C,o,r,k,i,",",h,t,t,p,s,:,/,/,i,b,b,.,c,o,/,S,X,x,s,F,h,M
D,a,r,i,u,s,",",h,t,t,p,s,:,/,/,i,b,b,.,c,o,/,G,R,9,n,r,3,r
D,i,a,n,a,",",h,t,t,p,s,:,/,/,i,b,b,.,c,o,/,3,4,y,6,f,t,f
D,r,M,u,n,d,o,",",h,t,t,p,s,:,/,/,i,b,b,.,c,o,/,p,y,4,K,v,k,b
D,r,a,v,e,n,",",h,t,t,p,s,:,/,/,i,b,b,.,c,o,/,z,G,9,r,4,4,Q
E,k,k,o,",",h,t,t,p,s,:,/,/,i,b,b,.,c,o,/,M,G,x,6,b,4,r
E,l,i,s,e,",",h,t,t,p,s,:,/,/,i,b,b,.,c,o,/,d,0,D,S,Q,s,x
E,v,e,l,y,n,n,",",h,t,t,p,s,:,/,/,i,b,b,.,c,o,/,1,n,K,f,J,6,1
E,z,r,e,a,l,",",h,t,t,p,s,:,/,/,i,b,b,.,c,o,/,j,J,G,n,f,g,K
F,i,d,d,l,e,s,t,i,c,k,s,",",h,t,t,p,s,:,/,/,i,b,b,.,c,o,/,S,6,P,N,w,j,3
F,i,o,r,a,",",h,t,t,p,s,:,/,/,i,b,b,.,c,o,/,5,M,S,N,P,3,v
F,i,z,z,",",h,t,t,p,s,:,/,/,i,b,b,.,c,o,/,h,K,m,B,c,Y,S
G,a,l,i,o,",",h,t,t,p,s,:,/,/,i,b,b,.,c,o,/,2,Y,1,y,G,Z,f
G,a,n,g,p,l,a,n,k,",",h,t,t,p,s,:,/,/,i,b,b,.,c,o,/,3,R,h,F,1,S,W
G,a,r,e,n,",",h,t,t,p,s,:,/,/,i,b,b,.,c,o,/,W,v,s,s,x,r,q
G,n,a,r,",",h,t,t,p,s,:,/,/,i,b,b,.,c,o,/,V,S,6,t,z,9,X
G,r,a,g,a,s,",",h,t,t,p,s,:,/,/,i,b,b,.,c,o,/,g,S,q,t,w,t,n
G,r,a,v,e,s,",",h,t,t,p,s,:,/,/,i,b,b,.,c,o,/,R,7,Q,0,x,H,F
G,w,e,n,",",h,t,t,p,s,:,/,/,i,b,b,.,c,o,/,3,h,Z,w,R,q,x
H,e,c,a,r,i,m,",",h,t,t,p,s,:,/,/,i,b,b,.,c,o,/,d,k,L,c,v,q,b
H,e,i,m,e,r,d,i,n,g,e,r,",",h,t,t,p,s,:,/,/,i,b,b,.,c,o,/,C,5,R,y,Y,8,y
I,l,l,a,o,i,",",h,t,t,p,s,:,/,/,i,b,b,.,c,o,/,s,j,H,f,0,b,0
I,r,e,l,i,a,",",h,t,t,p,s,:,/,/,i,b,b,.,c,o,/,8,9,V,d,z,t,k
I,v,e,r,n,",",h,t,t,p,s,:,/,/,i,b,b,.,c,o,/,y,d,5,3,J,Q,P
J,a,n,n,a,",",h,t,t,p,s,:,/,/,i,b,b,.,c,o,/,k,x,N,d,d,L,S
J,a,r,v,a,n,I,V,",",h,t,t,p,s,:,/,/,i,b,b,.,c,o,/,c,Y,P,b,Y,n,Z
J,a,x,",",h,t,t,p,s,:,/,/,i,b,b,.,c,o,/,5,k,9,K,0,J,b
J,a,y,c,e,",",h,t,t,p,s,:,/,/,i,b,b,.,c,o,/,D,r,G,6,t,b,b
J,h,i,n,",",h,t,t,p,s,:,/,/,i,b,b,.,c,o,/,f,M,n,C,H,K,X
J,i,n,x,",",h,t,t,p,s,:,/,/,i,b,b,.,c,o,/,f,q,j,M,k,p,p
K,a,i,-,S,a,",",h,t,t,p,s,:,/,/,i,b,b,.,c,o,/,c,x,G,0,Y,p,m
K,a,l,i,s,t,a,",",h,t,t,p,s,:,/,/,i,b,b,.,c,o,/,9,W,3,5,K,F,y
K,a,r,m,a,",",h,t,t,p,s,:,/,/,i,b,b,.,c,o,/,1,Q,c,9,5,7,8
K,a,r,t,h,u,s,",",h,t,t,p,s,:,/,/,i,b,b,.,c,o,/,D,V,G,6,g,d,5
K,a,s,s,a,d,i,n,",",h,t,t,p,s,:,/,/,i,b,b,.,c,o,/,N,t,W,V,g,c,3
K,a,t,a,r,i,n,a,",",h,t,t,p,s,:,/,/,i,b,b,.,c,o,/,8,X,B,1,n,n,H
K,a,y,l,e,",",h,t,t,p,s,:,/,/,i,b,b,.,c,o,/,H,C,k,8,G,3,d
K,a,y,n,",",h,t,t,p,s,:,/,/,i,b,b,.,c,o,/,K,K,L,5,c,5,Z
K,e,n,n,e,n,",",h,t,t,p,s,:,/,/,i,b,b,.,c,o,/,0,D,V,L,8,m,j
K,h,a,-,Z,i,x,",",h,t,t,p,s,:,/,/,i,b,b,.,c,o,/,N,s,m,3,8,7,6
K,i,n,d,r,e,d,",",h,t,t,p,s,:,/,/,i,b,b,.,c,o,/,L,N,s,R,K,4,z
K,l,e,d,",",h,t,t,p,s,:,/,/,i,b,b,.,c,o,/,T,v,T,4,c,t,Q
K,o,g,-,M,a,w,",",h,t,t,p,s,:,/,/,i,b,b,.,c,o,/,n,8,0,2,z,K,2
L,e,B,l,a,n,c,",",h,t,t,p,s,:,/,/,i,b,b,.,c,o,/,s,9,B,6,H,y,1
L,e,e,S,i,n,",",h,t,t,p,s,:,/,/,i,b,b,.,c,o,/,v,4,3,2,p,M,7
L,e,o,n,a,",",h,t,t,p,s,:,/,/,i,b,b,.,c,o,/,9,4,s,4,5,K,7
L,i,l,l,i,a,",",h,t,t,p,s,:,/,/,i,b,b,.,c,o,/,T,r,S,0,L,p,5
L,i,s,s,a,n,d,r,a,",",h,t,t,p,s,:,/,/,i,b,b,.,c,o,/,y,Q,G,T,6,p,r
L,u,c,i,a,n,",",h,t,t,p,s,:,/,/,i,b,b,.,c,o,/,4,F,8,Z,q,t,8
L,u,l,u,",",h,t,t,p,s,:,/,/,i,b,b,.,c,o,/,T,t,9,q,p,Y,D
L,u,x,",",h,t,t,p,s,:,/,/,i,b,b,.,c,o,/,t,Q,T,Y,P,V,C
M,a,l,p,h,i,t,e,",",h,t,t,p,s,:,/,/,i,b,b,.,c,o,/,Q,D,n,v,5,5,Z
M,a,l,z,a,h,a,r,",",h,t,t,p,s,:,/,/,i,b,b,.,c,o,/,4,P,Z,z,t,Q,X
M,a,o,k,a,i,",",h,t,t,p,s,:,/,/,i,b,b,.,c,o,/,1,Q,3,H,H,W,T
M,a,s,t,e,r,Y,i,",",h,t,t,p,s,:,/,/,i,b,b,.,c,o,/,h,1,N,t,F,S,v
M,i,s,s,F,o,r,t,u,n,e,",",h,t,t,p,s,:,/,/,i,b,b,.,c,o,/,D,Y,h,r,y,C,Z
M,o,r,d,e,k,a,i,s,e,r,",",h,t,t,p,s,:,/,/,i,b,b,.,c,o,/,R,T,y,j,B,6,W
M,o,r,g,a,n,a,",",h,t,t,p,s,:,/,/,i,b,b,.,c,o,/,f,X,v,W,y,W,Z
N,a,m,i,",",h,t,t,p,s,:,/,/,i,b,b,.,c,o,/,t,3,S,G,Q,1,b
N,a,s,u,s,",",h,t,t,p,s,:,/,/,i,b,b,.,c,o,/,c,v,P,D,1,1,W
N,a,u,t,i,l,u,s,",",h,t,t,p,s,:,/,/,i,b,b,.,c,o,/,R,H,w,k,b,H,x
N,e,e,k,o,",",h,t,t,p,s,:,/,/,i,b,b,.,c,o,/,F,h,0,0,d,x,x
N,i,d,a,l,e,e,",",h,t,t,p,s,:,/,/,i,b,b,.,c,o,/,L,t,s,8,z,f,7
N,o,c,t,u,r,n,e,",",h,t,t,p,s,:,/,/,i,b,b,.,c,o,/,J,m,v,h,h,2,2
N,u,n,u,W,i,l,l,u,m,p,",",h,t,t,p,s,:,/,/,i,b,b,.,c,o,/,q,5,2,m,q,p,X
O,l,a,f,",",h,t,t,p,s,:,/,/,i,b,b,.,c,o,/,y,N,2,X,2,n,S
O,r,i,a,n,n,a,",",h,t,t,p,s,:,/,/,i,b,b,.,c,o,/,y,Y,g,k,p,q,y
O,r,n,n,",",h,t,t,p,s,:,/,/,i,b,b,.,c,o,/,M,g,z,x,Q,V,t
P,a,n,t,h,e,o,n,",",h,t,t,p,s,:,/,/,i,b,b,.,c,o,/,3,c,s,w,Q,p,x
P,o,p,p,y,",",h,t,t,p,s,:,/,/,i,b,b,.,c,o,/,s,H,V,v,t,N,b
P,y,k,e,",",h,t,t,p,s,:,/,/,i,b,b,.,c,o,/,G,P,P,7,b,p,6
Q,i,y,a,n,a,",",h,t,t,p,s,:,/,/,i,b,b,.,c,o,/,w,0,K,p,H,K,b
Q,u,i,n,n,",",h,t,t,p,s,:,/,/,i,b,b,.,c,o,/,Y,D,X,s,8,0,b
R,a,k,a,n,",",h,t,t,p,s,:,/,/,i,b,b,.,c,o,/,b,X,v,6,H,L,m
R,a,m,m,u,s,",",h,t,t,p,s,:,/,/,i,b,b,.,c,o,/,k,x,q,3,m,W,G
R,e,k,-,S,a,i,",",h,t,t,p,s,:,/,/,i,b,b,.,c,o,/,P,Q,F,0,R,6,B
R,e,l,l,",",h,t,t,p,s,:,/,/,i,b,b,.,c,o,/,Z,W,2,Q,N,S,T
R,e,n,e,k,t,o,n,",",h,t,t,p,s,:,/,/,i,b,b,.,c,o,/,4,S,t,Y,D,M,c
R,e,n,g,a,r,",",h,t,t,p,s,:,/,/,i,b,b,.,c,o,/,F,x,V,y,j,F,s
R,i,v,e,n,",",h,t,t,p,s,:,/,/,i,b,b,.,c,o,/,8,K,6,r,V,L,p
R,u,m,b,l,e,",",h,t,t,p,s,:,/,/,i,b,b,.,c,o,/,B,L,H,1,X,G,c
R,y,z,e,",",h,t,t,p,s,:,/,/,i,b,b,.,c,o,/,f,k,1,p,s,G,2
S,a,m,i,r,a,",",h,t,t,p,s,:,/,/,i,b,b,.,c,o,/,D,Y,k,s,s,4,v
S,e,j,u,a,n,i,",",h,t,t,p,s,:,/,/,i,b,b,.,c,o,/,D,D,h,f,w,T,Q
S,e,n,n,a,",",h,t,t,p,s,:,/,/,i,b,b,.,c,o,/,B,g,b,Q,v,Z,D
S,e,r,a,p,h,i,n,e,",",h,t,t,p,s,:,/,/,i,b,b,.,c,o,/,j,y,p,t,T,x,h
S,e,t,t,",",h,t,t,p,s,:,/,/,i,b,b,.,c,o,/,B,j,M,S,X,G,n
S,h,a,c,o,",",h,t,t,p,s,:,/,/,i,b,b,.,c,o,/,R,z,Y,F,r,w,g
S,h,e,n,",",h,t,t,p,s,:,/,/,i,b,b,.,c,o,/,X,Z,L,9,p,X,7
S,h,y,v,a,n,a,",",h,t,t,p,s,:,/,/,i,b,b,.,c,o,/,K,2,8,R,S,m,f
S,i,n,g,e,d,",",h,t,t,p,s,:,/,/,i,b,b,.,c,o,/,k,1,X,2,7,5,3
S,i,o,n,",",h,t,t,p,s,:,/,/,i,b,b,.,c,o,/,3,M,H,h,R,w,W
S,i,v,i,r,",",h,t,t,p,s,:,/,/,i,b,b,.,c,o,/,W,H,7,n,D,9,C
S,k,a,r,n,e,r,",",h,t,t,p,s,:,/,/,i,b,b,.,c,o,/,j,3,v,S,v,S,v
S,o,n,a,",",h,t,t,p,s,:,/,/,i,b,b,.,c,o,/,8,s,5,L,C,H,t
S,o,r,a,k,a,",",h,t,t,p,s,:,/,/,i,b,b,.,c,o,/,F,q,P,J,L,B,h
S,w,a,i,n,",",h,t,t,p,s,:,/,/,i,b,b,.,c,o,/,p,Q,F,m,2,d,m
S,y,l,a,s,",",h,t,t,p,s,:,/,/,i,b,b,.,c,o,/,7,y,9,1,S,W,5
S,y,n,d,r,a,",",h,t,t,p,s,:,/,/,i,b,b,.,c,o,/,v,Q,Y,1,Q,G,9
T,a,h,m,K,e,n,c,h,",",h,t,t,p,s,:,/,/,i,b,b,.,c,o,/,P,x,3,M,J,4,k
T,a,l,i,y,a,h,",",h,t,t,p,s,:,/,/,i,b,b,.,c,o,/,d,j,S,G,C,z,y
T,a,l,o,n,",",h,t,t,p,s,:,/,/,i,b,b,.,c,o,/,5,L,X,0,2,0,b
T,a,r,i,c,",",h,t,t,p,s,:,/,/,i,b,b,.,c,o,/,T,T,T,K,x,Q,t
T,e,e,m,o,",",h,t,t,p,s,:,/,/,i,b,b,.,c,o,/,2,k,8,H,f,R,4
T,h,r,e,s,h,",",h,t,t,p,s,:,/,/,i,b,b,.,c,o,/,7,S,T,Z,m,g,Q
T,r,i,s,t,a,n,a,",",h,t,t,p,s,:,/,/,i,b,b,.,c,o,/,4,K,6,C,F,q,V
T,r,u,n,d,l,e,",",h,t,t,p,s,:,/,/,i,b,b,.,c,o,/,V,p,m,H,M,w,X
T,r,y,n,d,a,m,e,r,e,",",h,t,t,p,s,:,/,/,i,b,b,.,c,o,/,G,H,Z,4,X,C,h
T,w,i,s,t,e,d,F,a,t,e,",",h,t,t,p,s,:,/,/,i,b,b,.,c,o,/,M,8,s,n,P,Y,2
T,w,i,t,c,h,",",h,t,t,p,s,:,/,/,i,b,b,.,c,o,/,8,X,w,2,J,r,R
U,d,y,r,",",h,t,t,p,s,:,/,/,i,b,b,.,c,o,/,f,v,k,z,m,G,K
U,r,g,o,t,",",h,t,t,p,s,:,/,/,i,b,b,.,c,o,/,6,t,3,V,b,0,6
V,a,r,u,s,",",h,t,t,p,s,:,/,/,i,b,b,.,c,o,/,s,K,h,Y,7,v,V
V,a,y,n,e,",",h,t,t,p,s,:,/,/,i,b,b,.,c,o,/,k,y,f,G,W,9,z
V,e,i,g,a,r,",",h,t,t,p,s,:,/,/,i,b,b,.,c,o,/,p,R,F,g,9,N,8
V,e,l,-,K,o,z,",",h,t,t,p,s,:,/,/,i,b,b,.,c,o,/,0,h,V,L,P,9,S
V,i,",",h,t,t,p,s,:,/,/,i,b,b,.,c,o,/,9,W,Q,Q,C,G,y
V,i,e,g,o,",",h,t,t,p,s,:,/,/,i,b,b,.,c,o,/,w,Y,6,4,1,K,P
V,i,k,t,o,r,",",h,t,t,p,s,:,/,/,i,b,b,.,c,o,/,k,S,L,w,P,H,6
V,l,a,d,i,m,i,r,",",h,t,t,p,s,:,/,/,i,b,b,.,c,o,/,Z,M,8,Z,T,2,9
V,o,l,i,b,e,a,r,",",h,t,t,p,s,:,/,/,i,b,b,.,c,o,/,y,Q,0,c,K,8,G
W,a,r,w,i,c,k,",",h,t,t,p,s,:,/,/,i,b,b,.,c,o,/,z,8,y,q,z,M,w
W,u,k,o,n,g,",",h,t,t,p,s,:,/,/,i,b,b,.,c,o,/,3,M,5,C,v,p,X
X,a,y,a,h,",",h,t,t,p,s,:,/,/,i,b,b,.,c,o,/,j,V,H,b,k,R,h
X,e,r,a,t,h,",",h,t,t,p,s,:,/,/,i,b,b,.,c,o,/,8,2,1,y,L,F,L
X,i,n,Z,h,a,o,",",h,t,t,p,s,:,/,/,i,b,b,.,c,o,/,0,X,P,T,t,Z,n
Y,a,s,u,o,",",h,t,t,p,s,:,/,/,i,b,b,.,c,o,/,h,Y,w,Q,5,9,c
Y,o,n,e,",",h,t,t,p,s,:,/,/,i,b,b,.,c,o,/,z,V,r,Q,d,y,C
Y,o,r,i,c,k,",",h,t,t,p,s,:,/,/,i,b,b,.,c,o,/,4,Y,5,T,5,Z,s
Y,u,u,m,i,",",h,t,t,p,s,:,/,/,i,b,b,.,c,o,/,W,D,P,j,F,5,M
Z,a,c,",",h,t,t,p,s,:,/,/,i,b,b,.,c,o,/,K,z,t,K,D,X,0
Z,e,d,",",h,t,t,p,s,:,/,/,i,b,b,.,c,o,/,C,H,c,M,V,9,k
Z,i,g,g,s,",",h,t,t,p,s,:,/,/,i,b,b,.,c,o,/,c,y,P,y,K,8,2
Z,i,l,e,a,n,",",h,t,t,p,s,:,/,/,i,b,b,.,c,o,/,Z,T,6,3,V,t,5
Z,o,e,",",h,t,t,p,s,:,/,/,i,b,b,.,c,o,/,B,N,h,x,b,9,g
Z,y,",",h,t,t,p,s,:,/,/,i,b,b,.,c,o,/,D,b,N,z,z,K,v
